{"SolutionInfo": {"Runtime": 300.02110719680786, "ObjVal": 421.0707144424873, "ObjBound": 53.509930509123514, "MIPGap": 0.8729193727470221, "IterCount": 19766849, "NodeCount": 744994}, "ScheduleDetails": {"Cost": 421.0707144424873, "TourCost": 0, "EnergyCost": 266.1847538183809, "DegradationCost": 154.8859606241064, "TotalCharge": 396.00000000000006}, "IterPerNode": 26.532896909236854}